Part,Color,Quantity,Notes,Location,IsUsed,IsStickered
3068b,118,2,0 - Color Table,1 - Bin drawer Tile 2x2,False,False
6881b,118,1,,1 - Bin drawer Tiles 2x3|2x4|2x6|4x4|6x6,False,False
3024,0,80,,1 - Bin drawer Plate 1x1,False,False
4477,0,17,,1 - Box Plates 1x & 2x large,False,False
60479,0,5,,1 - Box Plates 1x & 2x large,False,False
3024pr0018,0,1,,1 - Bin drawer Tiles printed 1x | Plates printed 1x | Plate 1x5,False,False
3023,0,129,,1 - Box Plates 1x2|1x3,False,False
3623,0,40,,1 - Box Plates 1x2|1x3,False,False
3710,0,91,,1 - Box Plates 1x4|1x6,False,False
3666,0,62,,1 - Box Plates 1x4|1x6,False,False
3460,0,31,,1 - Box Plates 1x & 2x large,False,False
3832,0,20,0 - Color Table,1 - Box Plates 1x & 2x large,False,False
2445,0,3,,0 - Color Table,False,False
4282,0,4,,0 - Color Table,False,False
3022,0,80,0 - Color Table,1 - Box Plates 2x2|2x3,False,False
3021,0,48,,1 - Box Plates 2x2|2x3,False,False
3020,0,76,,1 - Box Plates 2x4 & 2x6,False,False
3795,0,33,,1 - Box Plates 2x4 & 2x6,False,False
3034,0,18,0 - Color Table,1 - Box Plates 1x & 2x large,False,False
11212,0,1,,1 - Box L Plates medium 1,False,False
3030,0,8,,1 - Box L Plates medium 1,False,False
3029,0,4,,1 - Box L Plates medium 1,False,False
3031,0,27,,1 - Box L Plates medium 1,False,False
3032,0,8,,1 - Box L Plates medium 1,False,False
3035,0,11,,1 - Box L Plates medium 1,False,False
3033,0,11,,1 - Box L Plates medium 2,False,False
3028,0,3,,1 - Bag Plates large,False,False
3027,0,1,,1 - Bag Plates large,False,False
3958,0,7,,1 - Box L Plates medium 2,False,False
3036,0,9,,1 - Box L Plates medium 2,False,False
41539,0,1,,1 - Box L Plates medium 2,False,False
92593,0,4,,1 - Box Plates special|Bricks printed,False,False
41740,0,1,,1 - Box Plates special|Bricks printed,False,False
33909,0,5,,1 - Box Plates special|Bricks printed,False,False
88646pr0003,0,1,,1 - Box Plates special|Bricks printed,False,False
88646,0,22,,1 - Box Plates special|Bricks printed,False,False
6179,0,2,,1 - Box Plates special|Bricks printed,False,False
6180,0,2,,1 - Box Plates special|Bricks printed,False,False
6178,0,1,,1 - Box Plates special|Bricks printed,False,False
3070b,0,35,,1 - Bin drawer Tile 1x1 & 1x2,False,False
3070bpr0245,0,1,,1 - Bin drawer Tiles printed 1x | Plates printed 1x | Plate 1x5,False,False
3070bpr0297,0,1,,1 - Bin drawer Tiles printed 1x | Plates printed 1x | Plate 1x5,False,False
3069b,0,44,,1 - Bin drawer Tile 1x1 & 1x2,False,False
3069bpr0189,0,1,,1 - Bin drawer Tiles printed 1x | Plates printed 1x | Plate 1x5,False,False
63864,0,5,,1 - Bin drawer Tile 1x3|Tiles inverted,False,False
2431,0,38,,1 - Bin drawer Tiles 1x4|1x6,False,False
6636,0,36,,1 - Bin drawer Tiles 1x4|1x6,False,False
4162,0,4,,1 - Bin drawer Tile 1x8,False,False
3068bpr9975,0,1,,1 - Bin drawer Tiles printed 2x,False,False
3068b,0,31,,1 - Bin drawer Tile 2x2,False,False
3068a,0,1,,1 - Bin drawer Tile 2x2,False,False
26603,0,4,,1 - Bin drawer Tiles 2x3|2x4|2x6|4x4|6x6,False,False
87079,0,23,,1 - Bin drawer Tiles 2x3|2x4|2x6|4x4|6x6,False,False
11203,0,1,,1 - Bin drawer Tile 1x3|Tiles inverted,False,False
3024,1,13,,1 - Bin drawer Plate 1x1,False,False
4477,1,1,,1 - Box Plates 1x & 2x large,False,False
3023,1,60,,1 - Box Plates 1x2|1x3,False,False
3623,1,12,,1 - Box Plates 1x2|1x3,False,False
3710,1,48,,1 - Box Plates 1x4|1x6,False,False
3666,1,13,,1 - Box Plates 1x4|1x6,False,False
3460,1,6,,1 - Box Plates 1x & 2x large,False,False
3832,1,3,,1 - Box Plates 1x & 2x large,False,False
2445,1,1,,1 - Box Plates 1x & 2x large,False,False
3022,1,16,0 - Color Table,1 - Box Plates 2x2|2x3,False,False
3021,1,25,,1 - Box Plates 2x2|2x3,False,False
3020,1,28,,1 - Box Plates 2x4 & 2x6,False,False
3795,1,7,,1 - Box Plates 2x4 & 2x6,False,False
3034,1,5,,1 - Box Plates 1x & 2x large,False,False
3030,1,4,,1 - Box L Plates medium 1,False,False
3029,1,2,,1 - Box L Plates medium 1,False,False
3031,1,9,,1 - Box L Plates medium 1,False,False
3032,1,3,,1 - Box L Plates medium 1,False,False
3035,1,3,,1 - Box L Plates medium 1,False,False
3033,1,1,,1 - Box L Plates medium 2,False,False
3028,1,1,,1 - Bag Plates large,False,False
3036,1,1,,1 - Box L Plates medium 2,False,False
6179,1,3,,1 - Box Plates special|Bricks printed,False,False
3070b,1,4,,1 - Bin drawer Tile 1x1 & 1x2,False,False
3069b,1,14,,1 - Bin drawer Tile 1x1 & 1x2,False,False
63864,1,4,,1 - Bin drawer Tile 1x3|Tiles inverted,False,False
2431,1,13,,1 - Bin drawer Tiles 1x4|1x6,False,False
6636,1,5,,1 - Bin drawer Tiles 1x4|1x6,False,False
3068b,1,9,,1 - Bin drawer Tile 2x2,False,False
87079pr0062,1,2,,1 - Bin drawer Tiles printed 2x,False,False
87079,1,9,,1 - Bin drawer Tiles 2x3|2x4|2x6|4x4|6x6,False,False
91405,10,1,,1 - Bag Plates large,False,False
3022,10,1,,0 - Color Table,False,False
3020,10,6,,1 - Box Plates 2x4 & 2x6,False,False
3031,10,2,,1 - Box L Plates medium 1,False,False
3028,10,1,,1 - Bag Plates large,False,False
3958,10,1,,1 - Box L Plates medium 2,False,False
3070b,10,3,,1 - Bin drawer Tile 1x1 & 1x2,False,False
3070bpr0190,10,1,,1 - Bin drawer Tiles printed 1x | Plates printed 1x | Plate 1x5,False,False
3069b,10,1,,1 - Bin drawer Tile 1x1 & 1x2,False,False
2431,10,3,,1 - Bin drawer Tiles 1x4|1x6,False,False
3068b,10,1,,1 - Bin drawer Tile 2x2,False,False
3068bpr9998,10,1,,1 - Bin drawer Tiles printed 2x,False,False
3024,212,4,,1 - Bin drawer Plate 1x1,False,False
3023,212,1,,0 - Color Table,False,False
3020,212,9,,1 - Box Plates 2x4 & 2x6,False,False
3069b,212,1,,1 - Bin drawer Tile 1x1 & 1x2,False,False
3024,191,24,,1 - Bin drawer Plate 1x1,False,False
3023,191,27,,1 - Box Plates 1x2|1x3,False,False
3623,191,4,,1 - Box Plates 1x2|1x3,False,False
3710,191,17,,1 - Box Plates 1x4|1x6,False,False
3666,191,9,,1 - Box Plates 1x4|1x6,False,False
3460,191,10,,1 - Box Plates 1x & 2x large,False,False
3022,191,18,0 - Color Table,1 - Box Plates 2x2|2x3,False,False
3021,191,6,,1 - Box Plates 2x2|2x3,False,False
3020,191,11,,1 - Box Plates 2x4 & 2x6,False,False
3795,191,12,,1 - Box Plates 2x4 & 2x6,False,False
3070b,191,10,,1 - Bin drawer Tile 1x1 & 1x2,False,False
3069b,191,6,,1 - Bin drawer Tile 1x1 & 1x2,False,False
2431,191,11,,1 - Bin drawer Tiles 1x4|1x6,False,False
3068b,191,5,,1 - Bin drawer Tile 2x2,False,False
87079,191,2,,1 - Bin drawer Tiles 2x3|2x4|2x6|4x4|6x6,False,False
3024,226,13,,1 - Bin drawer Plate 1x1,False,False
3023,226,12,,1 - Box Plates 1x2|1x3,False,False
3623,226,18,,1 - Box Plates 1x2|1x3,False,False
3460,226,1,,1 - Box Plates 1x & 2x large,False,False
3022,226,1,,0 - Color Table,False,False
3020,226,1,,1 - Box Plates 2x4 & 2x6,False,False
3795,226,2,,1 - Box Plates 2x4 & 2x6,False,False
3068b,226,1,,1 - Bin drawer Tile 2x2,False,False
87079,226,1,,1 - Bin drawer Tiles 2x3|2x4|2x6|4x4|6x6,False,False
3024,29,4,,1 - Bin drawer Plate 1x1,False,False
3023,29,11,,1 - Box Plates 1x2|1x3,False,False
3623pr0024,29,1,,1 - Bin drawer Tiles printed 1x | Plates printed 1x | Plate 1x5,False,False
3710,29,1,,1 - Box Plates 1x4|1x6,False,False
3666,29,4,,1 - Box Plates 1x4|1x6,False,False
3022,29,6,0 - Color Table,1 - Box Plates 2x2|2x3,False,False
3021,29,1,,1 - Box Plates 2x2|2x3,False,False
3795,29,2,,1 - Box Plates 2x4 & 2x6,False,False
3070b,29,7,,1 - Bin drawer Tile 1x1 & 1x2,False,False
63864,29,4,,1 - Bin drawer Tile 1x3|Tiles inverted,False,False
3068b,29,2,,1 - Bin drawer Tile 2x2,False,False
26603,29,2,,1 - Bin drawer Tiles 2x3|2x4|2x6|4x4|6x6,False,False
11203pr0013,29,1,,1 - Bin drawer Tiles printed 2x,False,False
3024,6,2,,1 - Bin drawer Plate 1x1,False,False
3023,6,2,,1 - Box Plates 1x2|1x3,False,False
3623,6,1,,1 - Box Plates 1x2|1x3,False,False
3022,6,1,,0 - Color Table,False,False
3021,6,6,,1 - Box Plates 2x2|2x3,False,False
3020,6,2,,1 - Box Plates 2x4 & 2x6,False,False
2431,6,2,,1 - Bin drawer Tiles 1x4|1x6,False,False
3024,1050,15,,1 - Bin drawer Plate 1x1,False,False
3023,1050,5,0 - Color Table,1 - Box Plates 1x2|1x3,False,False
3024,321,7,,1 - Bin drawer Plate 1x1,False,False
3023,321,18,,1 - Box Plates 1x2|1x3,False,False
3710,321,3,,1 - Box Plates 1x4|1x6,False,False
3666,321,2,,1 - Box Plates 1x4|1x6,False,False
3022,321,4,0 - Color Table,1 - Box Plates 2x2|2x3,False,False
3021,321,4,,1 - Box Plates 2x2|2x3,False,False
3020,321,1,,1 - Box Plates 2x4 & 2x6,False,False
3795,321,4,,1 - Box Plates 2x4 & 2x6,False,False
3070b,321,1,,1 - Bin drawer Tile 1x1 & 1x2,False,False
3069b,321,1,,1 - Bin drawer Tile 1x1 & 1x2,False,False
2431,321,1,,1 - Bin drawer Tiles 1x4|1x6,False,False
3068b,321,1,,1 - Bin drawer Tile 2x2,False,False
87079pr0257,321,1,,1 - Bin drawer Tiles printed 2x,False,False
3024,272,26,,1 - Bin drawer Plate 1x1,False,False
3023,272,32,,1 - Box Plates 1x2|1x3,False,False
3623,272,6,,1 - Box Plates 1x2|1x3,False,False
3710,272,9,,1 - Box Plates 1x4|1x6,False,False
3666,272,13,,1 - Box Plates 1x4|1x6,False,False
3460,272,1,,1 - Box Plates 1x & 2x large,False,False
3022,272,6,0 - Color Table,1 - Box Plates 2x2|2x3,False,False
3021,272,9,,1 - Box Plates 2x2|2x3,False,False
3020,272,18,,1 - Box Plates 2x4 & 2x6,False,False
3795,272,1,,1 - Box Plates 2x4 & 2x6,False,False
3034,272,3,,1 - Box Plates 1x & 2x large,False,False
3031,272,2,,1 - Box L Plates medium 1,False,False
3032,272,3,,1 - Box L Plates medium 1,False,False
92593,272,6,,1 - Box Plates special|Bricks printed,False,False
3070b,272,1,,1 - Bin drawer Tile 1x1 & 1x2,False,False
3069b,272,11,,1 - Bin drawer Tile 1x1 & 1x2,False,False
2431,272,5,,1 - Bin drawer Tiles 1x4|1x6,False,False
2431pr0115,272,2,,1 - Bin drawer Tiles printed 1x | Plates printed 1x | Plate 1x5,False,False
6636,272,11,,1 - Bin drawer Tiles 1x4|1x6,False,False
4162,272,2,,1 - Bin drawer Tile 1x8,False,False
3068b,272,9,,1 - Bin drawer Tile 2x2,False,False
26603,272,1,,1 - Bin drawer Tiles 2x3|2x4|2x6|4x4|6x6,False,False
87079,272,7,,1 - Bin drawer Tiles 2x3|2x4|2x6|4x4|6x6,False,False
3024,72,19,,1 - Bin drawer Plate 1x1,False,False
4477,72,6,,1 - Box Plates 1x & 2x large,False,False
3023,72,90,,1 - Box Plates 1x2|1x3,False,False
3623,72,22,,1 - Box Plates 1x2|1x3,False,False
3710,72,33,,1 - Box Plates 1x4|1x6,False,False
3666,72,26,,1 - Box Plates 1x4|1x6,False,False
3460,72,9,,1 - Box Plates 1x & 2x large,False,False
3832,72,10,,1 - Box Plates 1x & 2x large,False,False
2445,72,4,,1 - Box Plates 1x & 2x large,False,False
91988,72,3,,1 - Box Plates 1x & 2x large,False,False
4282,72,2,,1 - Box Plates 1x & 2x large,False,False
3022,72,37,0 - Color Table,1 - Box Plates 2x2|2x3,False,False
3021,72,46,,1 - Box Plates 2x2|2x3,False,False
3020,72,47,,1 - Box Plates 2x4 & 2x6,False,False
3795,72,24,,1 - Box Plates 2x4 & 2x6,False,False
3034,72,11,,1 - Box Plates 1x & 2x large,False,False
11212,72,6,,1 - Box L Plates medium 1,False,False
3030,72,1,,1 - Box L Plates medium 1,False,False
3029,72,1,,1 - Box L Plates medium 1,False,False
3031,72,11,,1 - Box L Plates medium 1,False,False
3032,72,9,,1 - Box L Plates medium 1,False,False
3035,72,6,,1 - Box L Plates medium 1,False,False
3033,72,2,,1 - Box L Plates medium 2,False,False
3028,72,3,,1 - Bag Plates large,False,False
3027,72,2,,1 - Bag Plates large,False,False
3958,72,6,,1 - Box L Plates medium 2,False,False
3036,72,6,,1 - Box L Plates medium 2,False,False
92438,72,2,,1 - Bag Plates large,False,False
92593,72,8,,1 - Box Plates special|Bricks printed,False,False
41740,72,1,,1 - Box Plates special|Bricks printed,False,False
33909,72,1,,1 - Box Plates special|Bricks printed,False,False
6179,72,1,,1 - Box Plates special|Bricks printed,False,False
71772,72,3,,1 - Bag Plates large,False,False
4151b,72,2,,1 - Box L Plates medium 2,False,False
15624,72,4,,1 - Box L Plates medium 2,False,False
3070b,72,15,,1 - Bin drawer Tile 1x1 & 1x2,False,False
3069b,72,18,,1 - Bin drawer Tile 1x1 & 1x2,False,False
63864,72,4,,1 - Bin drawer Tile 1x3|Tiles inverted,False,False
2431,72,35,,1 - Bin drawer Tiles 1x4|1x6,False,False
2431pr0028,72,3,,1 - Bin drawer Tiles printed 1x | Plates printed 1x | Plate 1x5,False,False
6636,72,6,,1 - Bin drawer Tiles 1x4|1x6,False,False
4162,72,5,,1 - Bin drawer Tile 1x8,False,False
3068b,72,15,,1 - Bin drawer Tile 2x2,False,False
87079,72,13,,1 - Bin drawer Tiles 2x3|2x4|2x6|4x4|6x6,False,False
11203,72,8,,1 - Bin drawer Tile 1x3|Tiles inverted,False,False
3024,308,18,,1 - Bin drawer Plate 1x1,False,False
3023,308,7,0 - Color Table,1 - Box Plates 1x2|1x3,False,False
3460,308,3,,1 - Box Plates 1x & 2x large,False,False
3020,308,1,,1 - Box Plates 2x4 & 2x6,False,False
3795,308,5,,1 - Box Plates 2x4 & 2x6,False,False
33909,308,6,,1 - Box Plates special|Bricks printed,False,False
3069b,308,2,,1 - Bin drawer Tile 1x1 & 1x2,False,False
3068b,308,1,,1 - Bin drawer Tile 2x2,False,False
3022,8,3,0 - Color Table,1 - Box Plates 2x2|2x3,False,False
3021,8,3,,1 - Box Plates 2x2|2x3,False,False
3020,8,2,,1 - Box Plates 2x4 & 2x6,False,False
3795,8,3,,1 - Box Plates 2x4 & 2x6,False,False
3031,8,2,,1 - Box L Plates medium 1,False,False
2431pr0029,8,3,,1 - Bin drawer Tiles printed 1x | Plates printed 1x | Plate 1x5,False,False
3068b,8,2,,1 - Bin drawer Tile 2x2,False,False
3024,288,11,,1 - Bin drawer Plate 1x1,False,False
3023,288,13,,1 - Box Plates 1x2|1x3,False,False
3710,288,4,,1 - Box Plates 1x4|1x6,False,False
3021,288,2,,1 - Box Plates 2x2|2x3,False,False
3020,288,2,,1 - Box Plates 2x4 & 2x6,False,False
3070b,288,9,,1 - Bin drawer Tile 1x1 & 1x2,False,False
3069b,288,1,,1 - Bin drawer Tile 1x1 & 1x2,False,False
2431,288,2,,1 - Bin drawer Tiles 1x4|1x6,False,False
3024,484,1,,1 - Bin drawer Plate 1x1,False,False
86996,484,1,,1 - Box Bricks tall|shorty,False,False
3023,484,3,,1 - Box Plates 1x2|1x3,False,False
3710,484,6,,1 - Box Plates 1x4|1x6,False,False
3022,484,5,0 - Color Table,1 - Box Plates 2x2|2x3,False,False
3020,484,1,,1 - Box Plates 2x4 & 2x6,False,False
92593,484,1,,1 - Box Plates special|Bricks printed,False,False
41740,484,1,,1 - Box Plates special|Bricks printed,False,False
3070b,484,1,,1 - Bin drawer Tile 1x1 & 1x2,False,False
3069b,484,1,,1 - Bin drawer Tile 1x1 & 1x2,False,False
3024,5,5,,1 - Bin drawer Plate 1x1,False,False
3023,5,13,0 - Color Table,1 - Box Plates 1x2|1x3,False,False
3710,5,3,,1 - Box Plates 1x4|1x6,False,False
3666,5,2,,1 - Box Plates 1x4|1x6,False,False
3021,5,6,,1 - Box Plates 2x2|2x3,False,False
3020,5,5,,1 - Box Plates 2x4 & 2x6,False,False
3795,5,1,,1 - Box Plates 2x4 & 2x6,False,False
41740,5,2,,1 - Box Plates special|Bricks printed,False,False
3070b,5,9,,1 - Bin drawer Tile 1x1 & 1x2,False,False
3069b,5,8,,1 - Bin drawer Tile 1x1 & 1x2,False,False
2431,5,5,,1 - Bin drawer Tiles 1x4|1x6,False,False
87079,5,1,,1 - Bin drawer Tiles 2x3|2x4|2x6|4x4|6x6,False,False
3024,85,19,,1 - Bin drawer Plate 1x1,False,False
3023,85,36,,1 - Box Plates 1x2|1x3,False,False
3623,85,4,,1 - Box Plates 1x2|1x3,False,False
3710,85,14,,1 - Box Plates 1x4|1x6,False,False
3666,85,5,,1 - Box Plates 1x4|1x6,False,False
3022,85,11,0 - Color Table,1 - Box Plates 2x2|2x3,False,False
3021,85,5,,1 - Box Plates 2x2|2x3,False,False
3020,85,12,,1 - Box Plates 2x4 & 2x6,False,False
3034,85,2,,1 - Box Plates 1x & 2x large,False,False
3032,85,3,,1 - Box L Plates medium 1,False,False
3035,85,1,,1 - Box L Plates medium 1,False,False
41740,85,7,,1 - Box Plates special|Bricks printed,False,False
3070b,85,5,,1 - Bin drawer Tile 1x1 & 1x2,False,False
3069b,85,6,,1 - Bin drawer Tile 1x1 & 1x2,False,False
6636,85,6,,1 - Bin drawer Tiles 1x4|1x6,False,False
3068bpr9750,85,1,,1 - Bin drawer Tiles printed 2x,False,False
87079,85,2,,1 - Bin drawer Tiles 2x3|2x4|2x6|4x4|6x6,False,False
3024,320,24,,1 - Bin drawer Plate 1x1,False,False
4477,320,9,,1 - Box Plates 1x & 2x large,False,False
3023,320,42,,1 - Box Plates 1x2|1x3,False,False
3623,320,4,,1 - Box Plates 1x2|1x3,False,False
3710,320,10,,1 - Box Plates 1x4|1x6,False,False
3666,320,18,,1 - Box Plates 1x4|1x6,False,False
3460,320,1,,1 - Box Plates 1x & 2x large,False,False
3022,320,3,0 - Color Table,1 - Box Plates 2x2|2x3,False,False
3021,320,5,,1 - Box Plates 2x2|2x3,False,False
3020,320,10,,1 - Box Plates 2x4 & 2x6,False,False
3795,320,5,,1 - Box Plates 2x4 & 2x6,False,False
3031,320,1,,1 - Box L Plates medium 1,False,False
3032,320,1,,1 - Box L Plates medium 1,False,False
3958,320,1,,1 - Box L Plates medium 2,False,False
3070b,320,3,,1 - Bin drawer Tile 1x1 & 1x2,False,False
3069b,320,11,,1 - Bin drawer Tile 1x1 & 1x2,False,False
63864,320,4,,1 - Bin drawer Tile 1x3|Tiles inverted,False,False
2431,320,17,,1 - Bin drawer Tiles 1x4|1x6,False,False
6636,320,4,,1 - Bin drawer Tiles 1x4|1x6,False,False
4162,320,6,,1 - Bin drawer Tile 1x8,False,False
3068b,320,3,,1 - Bin drawer Tile 2x2,False,False
91405,28,2,,1 - Bag Plates large,False,False
3024,28,18,,1 - Bin drawer Plate 1x1,False,False
3023,28,22,,1 - Box Plates 1x2|1x3,False,False
3623,28,1,,1 - Box Plates 1x2|1x3,False,False
3710,28,21,,1 - Box Plates 1x4|1x6,False,False
3666,28,17,,1 - Box Plates 1x4|1x6,False,False
3022,28,8,0 - Color Table,1 - Box Plates 2x2|2x3,False,False
3021,28,8,,1 - Box Plates 2x2|2x3,False,False
3020,28,8,,1 - Box Plates 2x4 & 2x6,False,False
3795,28,6,,1 - Box Plates 2x4 & 2x6,False,False
3034,28,2,,1 - Box Plates 1x & 2x large,False,False
3032,28,1,,1 - Box L Plates medium 1,False,False
41740,28,1,,1 - Box Plates special|Bricks printed,False,False
3070b,28,11,,1 - Bin drawer Tile 1x1 & 1x2,False,False
3069b,28,11,,1 - Bin drawer Tile 1x1 & 1x2,False,False
63864,28,3,,1 - Bin drawer Tile 1x3|Tiles inverted,False,False
2431,28,1,,1 - Bin drawer Tiles 1x4|1x6,False,False
6636,28,1,,1 - Bin drawer Tiles 1x4|1x6,False,False
3068b,28,93,,1 - Bin drawer Tile 2x2,False,False
26603,28,3,,1 - Bin drawer Tiles 2x3|2x4|2x6|4x4|6x6,False,False
87079,28,2,,1 - Bin drawer Tiles 2x3|2x4|2x6|4x4|6x6,False,False
3024,3,14,,1 - Bin drawer Plate 1x1,False,False
3023,3,13,,1 - Box Plates 1x2|1x3,False,False
3460,3,1,,1 - Box Plates 1x & 2x large,False,False
3832,3,1,,1 - Box Plates 1x & 2x large,False,False
3022,3,4,0 - Color Table,1 - Box Plates 2x2|2x3,False,False
3021,3,2,,1 - Box Plates 2x2|2x3,False,False
3070b,3,4,,1 - Bin drawer Tile 1x1 & 1x2,False,False
3070bpr0196,3,1,,1 - Bin drawer Tiles printed 1x | Plates printed 1x | Plate 1x5,False,False
3069b,3,9,,1 - Bin drawer Tile 1x1 & 1x2,False,False
63864,3,2,,1 - Bin drawer Tile 1x3|Tiles inverted,False,False
87079,3,2,,1 - Bin drawer Tiles 2x3|2x4|2x6|4x4|6x6,False,False
3024,2,25,,1 - Bin drawer Plate 1x1,False,False
3023,2,37,,1 - Box Plates 1x2|1x3,False,False
3623,2,10,,1 - Box Plates 1x2|1x3,False,False
3710,2,14,,1 - Box Plates 1x4|1x6,False,False
3666,2,18,,1 - Box Plates 1x4|1x6,False,False
3460,2,4,,1 - Box Plates 1x & 2x large,False,False
3832,2,2,,1 - Box Plates 1x & 2x large,False,False
2445,2,1,,1 - Box Plates 1x & 2x large,False,False
4282,2,2,,0 - Color Table,False,False
3022,2,8,0 - Color Table,1 - Box Plates 2x2|2x3,False,False
3021,2,10,,1 - Box Plates 2x2|2x3,False,False
3020,2,14,,1 - Box Plates 2x4 & 2x6,False,False
3795,2,11,,1 - Box Plates 2x4 & 2x6,False,False
3034,2,7,,1 - Box Plates 1x & 2x large,False,False
11212,2,1,,1 - Box L Plates medium 1,False,False
3029,2,1,,1 - Box L Plates medium 1,False,False
3031,2,11,,1 - Box L Plates medium 1,False,False
3032,2,4,,1 - Box L Plates medium 1,False,False
3035,2,4,,1 - Box L Plates medium 1,False,False
3028,2,2,,1 - Bag Plates large,False,False
3958,2,1,,1 - Box L Plates medium 2,False,False
3036,2,2,,1 - Box L Plates medium 2,False,False
92438,2,1,,1 - Bag Plates large,False,False
41539,2,3,,1 - Box L Plates medium 2,False,False
3070b,2,8,,1 - Bin drawer Tile 1x1 & 1x2,False,False
3069bpr0100,2,5,,1 - Bin drawer Tiles printed 1x | Plates printed 1x | Plate 1x5,False,False
3069b,2,8,,1 - Bin drawer Tile 1x1 & 1x2,False,False
2431,2,4,,1 - Bin drawer Tiles 1x4|1x6,False,False
3068b,2,7,,1 - Bin drawer Tile 2x2,False,False
87079,2,7,,1 - Bin drawer Tiles 2x3|2x4|2x6|4x4|6x6,False,False
3023,31,26,,1 - Box Plates 1x2|1x3,False,False
3022,31,1,,0 - Color Table,False,False
3020,31,6,,1 - Box Plates 2x4 & 2x6,False,False
3035,31,2,,1 - Box L Plates medium 1,False,False
3024,323,3,,1 - Bin drawer Plate 1x1,False,False
3023,323,5,,1 - Box Plates 1x2|1x3,False,False
3020,323,1,,1 - Box Plates 2x4 & 2x6,False,False
3069b,323,1,,1 - Bin drawer Tile 1x1 & 1x2,False,False
2431,323,1,,1 - Bin drawer Tiles 1x4|1x6,False,False
3068b,323,6,,1 - Bin drawer Tile 2x2,False,False
3068bpr0254,323,1,,1 - Bin drawer Tiles printed 2x,False,False
87079,323,1,,1 - Bin drawer Tiles 2x3|2x4|2x6|4x4|6x6,False,False
3024,71,82,,1 - Bin drawer Plate 1x1,False,False
4477,71,5,,1 - Box Plates 1x & 2x large,False,False
60479,71,3,,1 - Box Plates 1x & 2x large,False,False
86996,71,4,,1 - Box Bricks tall|shorty,False,False
3023,71,88,,1 - Box Plates 1x2|1x3,False,False
3623,71,35,,1 - Box Plates 1x2|1x3,False,False
3710,71,33,,1 - Box Plates 1x4|1x6,False,False
78329,71,1,,1 - Bin drawer Tiles printed 1x | Plates printed 1x | Plate 1x5,False,False
3666,71,22,,1 - Box Plates 1x4|1x6,False,False
3460,71,14,,1 - Box Plates 1x & 2x large,False,False
3832,71,11,,1 - Box Plates 1x & 2x large,False,False
2445,71,3,,1 - Box Plates 1x & 2x large,False,False
91988,71,2,,1 - Box Plates 1x & 2x large,False,False
4282,71,5,,1 - Box Plates 1x & 2x large,False,False
3022,71,42,0 - Color Table,1 - Box Plates 2x2|2x3,False,False
3021,71,30,,1 - Box Plates 2x2|2x3,False,False
3020,71,70,,1 - Box Plates 2x4 & 2x6,False,False
3795,71,20,,1 - Box Plates 2x4 & 2x6,False,False
3034,71,14,,1 - Box Plates 1x & 2x large,False,False
11212,71,3,,1 - Box L Plates medium 1,False,False
3030,71,4,,1 - Box L Plates medium 1,False,False
3031,71,18,,1 - Box L Plates medium 1,False,False
3032,71,8,,1 - Box L Plates medium 1,False,False
3035,71,2,,1 - Box L Plates medium 1,False,False
3033,71,3,,1 - Box L Plates medium 2,False,False
3028,71,1,,1 - Bag Plates large,False,False
3958,71,3,,1 - Box L Plates medium 2,False,False
92438,71,1,,1 - Bag Plates large,False,False
41539,71,1,,1 - Box L Plates medium 2,False,False
15623pr0002,71,1,,1 - Bag Plates large,False,False
92593,71,36,,1 - Box Plates special|Bricks printed,False,False
41740,71,5,,1 - Box Plates special|Bricks printed,False,False
33909,71,10,,1 - Box Plates special|Bricks printed,False,False
88646,71,4,,1 - Box Plates special|Bricks printed,False,False
6179,71,5,,1 - Box Plates special|Bricks printed,False,False
3070bpr0160,71,4,,1 - Bin drawer Tiles printed 1x | Plates printed 1x | Plate 1x5,False,False
3070b,71,38,,1 - Bin drawer Tile 1x1 & 1x2,False,False
3070bpr0234,71,2,,1 - Bin drawer Tiles printed 1x | Plates printed 1x | Plate 1x5,False,False
3070bpr0166,71,3,,1 - Bin drawer Tiles printed 1x | Plates printed 1x | Plate 1x5,False,False
3070bpr0007,71,5,,1 - Bin drawer Tiles printed 1x | Plates printed 1x | Plate 1x5,False,False
3070bpr0213,71,1,,1 - Bin drawer Tiles printed 1x | Plates printed 1x | Plate 1x5,False,False
3069bpr0307,71,5,,1 - Bin drawer Tiles printed 1x | Plates printed 1x | Plate 1x5,False,False
3069bpr0301,71,1,,1 - Bin drawer Tiles printed 1x | Plates printed 1x | Plate 1x5,False,False
3069b,71,16,,1 - Bin drawer Tile 1x1 & 1x2,False,False
3069bpr0101,71,8,,1 - Bin drawer Tiles printed 1x | Plates printed 1x | Plate 1x5,False,False
3069bpr0086,71,4,,1 - Bin drawer Tiles printed 1x | Plates printed 1x | Plate 1x5,False,False
3069bpr0020,71,4,,1 - Bin drawer Tiles printed 1x | Plates printed 1x | Plate 1x5,False,False
63864,71,27,,1 - Bin drawer Tile 1x3|Tiles inverted,False,False
2431,71,16,,1 - Bin drawer Tiles 1x4|1x6,False,False
6636,71,32,,1 - Bin drawer Tiles 1x4|1x6,False,False
6636pr0028,71,1,,1 - Bin drawer Tiles printed 1x | Plates printed 1x | Plate 1x5,False,False
4162,71,17,,1 - Bin drawer Tile 1x8,False,False
3068b,71,17,,1 - Bin drawer Tile 2x2,False,False
3068bpr9687,71,1,,1 - Bin drawer Tiles printed 2x,False,False
26603,71,4,,1 - Bin drawer Tiles 2x3|2x4|2x6|4x4|6x6,False,False
87079,71,21,,1 - Bin drawer Tiles 2x3|2x4|2x6|4x4|6x6,False,False
69729,71,2,,1 - Bin drawer Tiles 2x3|2x4|2x6|4x4|6x6,False,False
10202,71,1,,1 - Bin drawer Tiles 2x3|2x4|2x6|4x4|6x6,False,False
6881b,71,1,,1 - Bin drawer Tiles 2x3|2x4|2x6|4x4|6x6,False,False
35459,71,8,,1 - Bin drawer Tile 1x3|Tiles inverted,False,False
11203,71,2,,1 - Bin drawer Tile 1x3|Tiles inverted,False,False
3024,7,2,,1 - Bin drawer Plate 1x1,False,False
4477,7,3,,1 - Box Plates 1x & 2x large,False,False
3023,7,12,,1 - Box Plates 1x2|1x3,False,False
3710,7,8,,1 - Box Plates 1x4|1x6,False,False
3460,7,3,,1 - Box Plates 1x & 2x large,False,False
3832,7,1,,1 - Box Plates 1x & 2x large,False,False
3022,7,9,0 - Color Table,1 - Box Plates 2x2|2x3,False,False
3021,7,1,,1 - Box Plates 2x2|2x3,False,False
3020,7,3,,1 - Box Plates 2x4 & 2x6,False,False
3795,7,9,,1 - Box Plates 2x4 & 2x6,False,False
3034,7,2,,1 - Box Plates 1x & 2x large,False,False
3029,7,1,,1 - Box L Plates medium 1,False,False
3031,7,4,,1 - Box L Plates medium 1,False,False
3032,7,1,,1 - Box L Plates medium 1,False,False
3033,7,2,,1 - Box L Plates medium 2,False,False
3036,7,1,,1 - Box L Plates medium 2,False,False
3070b,7,1,,1 - Bin drawer Tile 1x1 & 1x2,False,False
3070a,7,4,,1 - Bin drawer Tile 1x1 & 1x2,False,False
3069b,7,2,,1 - Bin drawer Tile 1x1 & 1x2,False,False
3069bpr0086,7,1,,1 - Bin drawer Tiles printed 1x | Plates printed 1x | Plate 1x5,False,False
3069bpr0020,7,6,,1 - Bin drawer Tiles printed 1x | Plates printed 1x | Plate 1x5,False,False
2431,7,1,,1 - Bin drawer Tiles 1x4|1x6,False,False
3068b,7,2,,1 - Bin drawer Tile 2x2,False,False
4162,11,4,,1 - Bin drawer Tile 1x8,False,False
3024,27,11,,1 - Bin drawer Plate 1x1,False,False
3023,27,19,,1 - Box Plates 1x2|1x3,False,False
3710,27,14,,1 - Box Plates 1x4|1x6,False,False
3666,27,11,,1 - Box Plates 1x4|1x6,False,False
3022,27,7,0 - Color Table,1 - Box Plates 2x2|2x3,False,False
3021,27,9,,1 - Box Plates 2x2|2x3,False,False
3020,27,13,,1 - Box Plates 2x4 & 2x6,False,False
3795,27,13,,1 - Box Plates 2x4 & 2x6,False,False
3031,27,5,,1 - Box L Plates medium 1,False,False
3032,27,3,,1 - Box L Plates medium 1,False,False
3033,27,1,,1 - Box L Plates medium 2,False,False
3958,27,3,,1 - Box L Plates medium 2,False,False
92438,27,1,,1 - Bag Plates large,False,False
41539,27,1,,1 - Box L Plates medium 2,False,False
92593,27,1,,1 - Box Plates special|Bricks printed,False,False
3070b,27,4,,1 - Bin drawer Tile 1x1 & 1x2,False,False
3069b,27,14,,1 - Bin drawer Tile 1x1 & 1x2,False,False
2431,27,6,,1 - Bin drawer Tiles 1x4|1x6,False,False
6636,27,11,,1 - Bin drawer Tiles 1x4|1x6,False,False
3068b,27,3,,1 - Bin drawer Tile 2x2,False,False
87079,27,1,,1 - Bin drawer Tiles 2x3|2x4|2x6|4x4|6x6,False,False
3024,26,16,,1 - Bin drawer Plate 1x1,False,False
3023,26,23,,1 - Box Plates 1x2|1x3,False,False
3623,26,11,,1 - Box Plates 1x2|1x3,False,False
3710,26,9,,1 - Box Plates 1x4|1x6,False,False
3666,26,7,,1 - Box Plates 1x4|1x6,False,False
3460,26,5,,1 - Box Plates 1x & 2x large,False,False
3022,26,9,0 - Color Table,1 - Box Plates 2x2|2x3,False,False
3020,26,7,,1 - Box Plates 2x4 & 2x6,False,False
3795,26,5,,1 - Box Plates 2x4 & 2x6,False,False
3034,26,1,,1 - Box Plates 1x & 2x large,False,False
3070b,26,2,,1 - Bin drawer Tile 1x1 & 1x2,False,False
3069b,26,16,,1 - Bin drawer Tile 1x1 & 1x2,False,False
63864,26,2,,1 - Bin drawer Tile 1x3|Tiles inverted,False,False
2431,26,2,,1 - Bin drawer Tiles 1x4|1x6,False,False
6636,26,1,,1 - Bin drawer Tiles 1x4|1x6,False,False
3068b,26,1,,1 - Bin drawer Tile 2x2,False,False
87079,26,9,,1 - Bin drawer Tiles 2x3|2x4|2x6|4x4|6x6,False,False
91405,322,1,,1 - Bag Plates large,False,False
3024,322,17,,1 - Bin drawer Plate 1x1,False,False
3023,322,22,,1 - Box Plates 1x2|1x3,False,False
3710,322,9,,1 - Box Plates 1x4|1x6,False,False
3666,322,6,,1 - Box Plates 1x4|1x6,False,False
3460,322,2,,1 - Box Plates 1x & 2x large,False,False
3022,322,6,0 - Color Table,1 - Box Plates 2x2|2x3,False,False
3020,322,23,,1 - Box Plates 2x4 & 2x6,False,False
3795,322,1,,1 - Box Plates 2x4 & 2x6,False,False
3034,322,2,,1 - Box Plates 1x & 2x large,False,False
3958,322,1,,1 - Box L Plates medium 2,False,False
3070b,322,10,,1 - Bin drawer Tile 1x1 & 1x2,False,False
3069b,322,19,,1 - Bin drawer Tile 1x1 & 1x2,False,False
3069bpr0130,322,2,,1 - Bin drawer Tiles printed 1x | Plates printed 1x | Plate 1x5,False,False
63864,322,5,,1 - Bin drawer Tile 1x3|Tiles inverted,False,False
2431,322,6,,1 - Bin drawer Tiles 1x4|1x6,False,False
6636,322,1,,1 - Bin drawer Tiles 1x4|1x6,False,False
3068b,322,6,,1 - Bin drawer Tile 2x2,False,False
3068bpr9447,322,1,,1 - Bin drawer Tiles printed 2x,False,False
87079,322,7,,1 - Bin drawer Tiles 2x3|2x4|2x6|4x4|6x6,False,False
3024,73,4,,1 - Bin drawer Plate 1x1,False,False
3023,73,9,,1 - Box Plates 1x2|1x3,False,False
3710,73,10,,1 - Box Plates 1x4|1x6,False,False
3666,73,8,,1 - Box Plates 1x4|1x6,False,False
3022,73,2,0 - Color Table,1 - Box Plates 2x2|2x3,False,False
3795,73,1,,1 - Box Plates 2x4 & 2x6,False,False
3070b,73,2,,1 - Bin drawer Tile 1x1 & 1x2,False,False
3069b,73,11,,1 - Bin drawer Tile 1x1 & 1x2,False,False
4162,73,2,,1 - Bin drawer Tile 1x8,False,False
3068b,73,1,,1 - Bin drawer Tile 2x2,False,False
3032,351,1,,1 - Box L Plates medium 1,False,False
3027,74,1,,1 - Bag Plates large,False,False
3024,30,19,,1 - Bin drawer Plate 1x1,False,False
3023,30,14,0 - Color Table,1 - Box Plates 1x2|1x3,False,False
3710,30,4,,1 - Box Plates 1x4|1x6,False,False
3460,30,5,,1 - Box Plates 1x & 2x large,False,False
3020,30,12,,1 - Box Plates 2x4 & 2x6,False,False
3795,30,4,,1 - Box Plates 2x4 & 2x6,False,False
3069b,30,2,,1 - Bin drawer Tile 1x1 & 1x2,False,False
6636,30,3,,1 - Bin drawer Tiles 1x4|1x6,False,False
4162,30,9,,1 - Bin drawer Tile 1x8,False,False
87079,30,3,,1 - Bin drawer Tiles 2x3|2x4|2x6|4x4|6x6,False,False
2431,115,2,,1 - Bin drawer Tiles 1x4|1x6,False,False
4162,115,1,,1 - Bin drawer Tile 1x8,False,False
6881b,115,1,,1 - Bin drawer Tiles 2x3|2x4|2x6|4x4|6x6,False,False
3024,84,5,,1 - Bin drawer Plate 1x1,False,False
3023,84,7,,1 - Box Plates 1x2|1x3,False,False
3710,84,2,,1 - Box Plates 1x4|1x6,False,False
78329,84,1,,1 - Bin drawer Tiles printed 1x | Plates printed 1x | Plate 1x5,False,False
3022,84,4,0 - Color Table,1 - Box Plates 2x2|2x3,False,False
3020,84,10,,1 - Box Plates 2x4 & 2x6,False,False
3035,84,8,,1 - Box L Plates medium 1,False,False
3070b,84,2,,1 - Bin drawer Tile 1x1 & 1x2,False,False
3069b,84,1,,1 - Bin drawer Tile 1x1 & 1x2,False,False
2431,84,5,,1 - Bin drawer Tiles 1x4|1x6,False,False
2431pr0156,84,1,,1 - Bin drawer Tiles printed 1x | Plates printed 1x | Plate 1x5,False,False
2431pr0081,84,2,,1 - Bin drawer Tiles printed 1x | Plates printed 1x | Plate 1x5,False,False
6636,84,4,,1 - Bin drawer Tiles 1x4|1x6,False,False
3068bpr0236,84,1,,1 - Bin drawer Tiles printed 2x,False,False
3068b,84,2,,1 - Bin drawer Tile 2x2,False,False
87079,84,5,,1 - Bin drawer Tiles 2x3|2x4|2x6|4x4|6x6,False,False
3070b,82,1,,1 - Bin drawer Tile 1x1 & 1x2,False,False
3069b,82,4,,1 - Bin drawer Tile 1x1 & 1x2,False,False
63864,80,7,,1 - Bin drawer Tile 1x3|Tiles inverted,False,False
3023,92,2,,0 - Color Table,False,False
3024,326,1,,1 - Bin drawer Plate 1x1,False,False
3023,326,9,,1 - Box Plates 1x2|1x3,False,False
3022,326,1,,0 - Color Table,False,False
6636,326,5,,1 - Bin drawer Tiles 1x4|1x6,False,False
2431,1056,2,,1 - Bin drawer Tiles 1x4|1x6,False,False
3024,25,31,,1 - Bin drawer Plate 1x1,False,False
3023,25,56,,1 - Box Plates 1x2|1x3,False,False
3623,25,8,,1 - Box Plates 1x2|1x3,False,False
3710,25,19,,1 - Box Plates 1x4|1x6,False,False
3666,25,44,,1 - Box Plates 1x4|1x6,False,False
3022,25,21,0 - Color Table,1 - Box Plates 2x2|2x3,False,False
3021,25,5,,1 - Box Plates 2x2|2x3,False,False
3020,25,15,,1 - Box Plates 2x4 & 2x6,False,False
3795,25,11,,1 - Box Plates 2x4 & 2x6,False,False
3030,25,1,,1 - Box L Plates medium 1,False,False
3032,25,1,,1 - Box L Plates medium 1,False,False
3033,25,1,,1 - Box L Plates medium 2,False,False
3070b,25,5,,1 - Bin drawer Tile 1x1 & 1x2,False,False
3069bpr0073,25,1,,1 - Bin drawer Tiles printed 1x | Plates printed 1x | Plate 1x5,False,False
3069b,25,13,,1 - Bin drawer Tile 1x1 & 1x2,False,False
63864,25,5,,1 - Bin drawer Tile 1x3|Tiles inverted,False,False
2431,25,11,,1 - Bin drawer Tiles 1x4|1x6,False,False
6636,25,8,,1 - Bin drawer Tiles 1x4|1x6,False,False
3068b,25,8,,1 - Bin drawer Tile 2x2,False,False
87079,25,3,,1 - Bin drawer Tiles 2x3|2x4|2x6|4x4|6x6,False,False
3024,297,27,,1 - Bin drawer Plate 1x1,False,False
3022,297,1,,0 - Color Table,False,False
3069b,297,10,,1 - Bin drawer Tile 1x1 & 1x2,False,False
3623,13,2,,1 - Box Plates 1x2|1x3,False,False
3024,4,55,,1 - Bin drawer Plate 1x1,False,False
4477,4,2,,1 - Box Plates 1x & 2x large,False,False
3023,4,74,,1 - Box Plates 1x2|1x3,False,False
3623,4,21,,1 - Box Plates 1x2|1x3,False,False
3710,4,59,,1 - Box Plates 1x4|1x6,False,False
3666,4,22,,1 - Box Plates 1x4|1x6,False,False
3460,4,5,,1 - Box Plates 1x & 2x large,False,False
3832,4,12,,1 - Box Plates 1x & 2x large,False,False
2445,4,3,,1 - Box Plates 1x & 2x large,False,False
4282,4,1,,1 - Box Plates 1x & 2x large,False,False
3022,4,68,0 - Color Table,1 - Box Plates 2x2|2x3,False,False
3021,4,29,,1 - Box Plates 2x2|2x3,False,False
3020,4,38,,1 - Box Plates 2x4 & 2x6,False,False
3795,4,15,,1 - Box Plates 2x4 & 2x6,False,False
3034,4,8,,1 - Box Plates 1x & 2x large,False,False
3029,4,2,,1 - Box L Plates medium 1,False,False
3031,4,6,,1 - Box L Plates medium 1,False,False
3032,4,10,,1 - Box L Plates medium 1,False,False
3033,4,2,,1 - Box L Plates medium 2,False,False
3028,4,1,,1 - Bag Plates large,False,False
3958,4,1,,1 - Box L Plates medium 2,False,False
92593,4,1,,1 - Box Plates special|Bricks printed,False,False
33909,4,2,,1 - Box Plates special|Bricks printed,False,False
3070b,4,28,,1 - Bin drawer Tile 1x1 & 1x2,False,False
3069b,4,18,,1 - Bin drawer Tile 1x1 & 1x2,False,False
3069a,4,2,,1 - Bin drawer Tile 1x1 & 1x2,False,False
63864,4,3,,1 - Bin drawer Tile 1x3|Tiles inverted,False,False
2431pr0050,4,1,,1 - Bin drawer Tiles printed 1x | Plates printed 1x | Plate 1x5,False,False
2431,4,7,,1 - Bin drawer Tiles 1x4|1x6,False,False
6636,4,12,,1 - Bin drawer Tiles 1x4|1x6,False,False
4162,4,3,,1 - Bin drawer Tile 1x8,False,False
3068bpr0117,4,1,,1 - Bin drawer Tiles printed 2x,False,False
3068b,4,11,,1 - Bin drawer Tile 2x2,False,False
3068a,4,1,,1 - Bin drawer Tile 2x2,False,False
26603,4,4,,1 - Bin drawer Tiles 2x3|2x4|2x6|4x4|6x6,False,False
87079,4,11,,1 - Bin drawer Tiles 2x3|2x4|2x6|4x4|6x6,False,False
3024,70,29,,1 - Bin drawer Plate 1x1,False,False
4477,70,4,,1 - Box Plates 1x & 2x large,False,False
60479,70,3,,1 - Box Plates 1x & 2x large,False,False
3024pr0023,70,1,,1 - Bin drawer Tiles printed 1x | Plates printed 1x | Plate 1x5,False,False
3023,70,38,,1 - Box Plates 1x2|1x3,False,False
3623,70,14,,1 - Box Plates 1x2|1x3,False,False
3710,70,44,,1 - Box Plates 1x4|1x6,False,False
3666,70,6,,1 - Box Plates 1x4|1x6,False,False
3460,70,8,,1 - Box Plates 1x & 2x large,False,False
3832,70,1,,1 - Box Plates 1x & 2x large,False,False
2445,70,1,,1 - Box Plates 1x & 2x large,False,False
91988,70,1,,1 - Box Plates 1x & 2x large,False,False
3022,70,38,0 - Color Table,1 - Box Plates 2x2|2x3,False,False
3021,70,17,,1 - Box Plates 2x2|2x3,False,False
3020,70,25,,1 - Box Plates 2x4 & 2x6,False,False
3795,70,9,,1 - Box Plates 2x4 & 2x6,False,False
3034,70,2,,1 - Box Plates 1x & 2x large,False,False
3030,70,1,,1 - Box L Plates medium 1,False,False
3031,70,2,,1 - Box L Plates medium 1,False,False
3032,70,7,,1 - Box L Plates medium 1,False,False
3035,70,3,,1 - Box L Plates medium 1,False,False
3958,70,3,,1 - Box L Plates medium 2,False,False
3036,70,5,,1 - Box L Plates medium 2,False,False
33909,70,2,,1 - Box Plates special|Bricks printed,False,False
3070b,70,8,,1 - Bin drawer Tile 1x1 & 1x2,False,False
3069b,70,28,,1 - Bin drawer Tile 1x1 & 1x2,False,False
63864,70,6,,1 - Bin drawer Tile 1x3|Tiles inverted,False,False
2431,70,10,,1 - Bin drawer Tiles 1x4|1x6,False,False
2431pr0040,70,1,,1 - Bin drawer Tiles printed 1x | Plates printed 1x | Plate 1x5,False,False
6636,70,5,,1 - Bin drawer Tiles 1x4|1x6,False,False
3068bpr0170,70,1,,1 - Bin drawer Tiles printed 2x,False,False
3068b,70,5,,1 - Bin drawer Tile 2x2,False,False
87079,70,2,,1 - Bin drawer Tiles 2x3|2x4|2x6|4x4|6x6,False,False
3024,1136,1,,1 - Bin drawer Plate 1x1,False,False
3023,1136,2,,0 - Color Table,False,False
3023,379,1,,1 - Box Plates 1x2|1x3,False,False
3623,379,1,,1 - Box Plates 1x2|1x3,False,False
3710,379,2,,1 - Box Plates 1x4|1x6,False,False
3022,379,2,0 - Color Table,1 - Box Plates 2x2|2x3,False,False
3070b,379,4,,1 - Bin drawer Tile 1x1 & 1x2,False,False
3069bpr0356,379,2,,1 - Bin drawer Tiles printed 1x | Plates printed 1x | Plate 1x5,False,False
3069b,379,1,,1 - Bin drawer Tile 1x1 & 1x2,False,False
3024,378,10,,1 - Bin drawer Plate 1x1,False,False
3023,378,6,,1 - Box Plates 1x2|1x3,False,False
3623,378,1,,1 - Box Plates 1x2|1x3,False,False
3710,378,6,,1 - Box Plates 1x4|1x6,False,False
3022,378,4,0 - Color Table,1 - Box Plates 2x2|2x3,False,False
3070b,378,2,,1 - Bin drawer Tile 1x1 & 1x2,False,False
3069b,378,4,,1 - Bin drawer Tile 1x1 & 1x2,False,False
63864,378,3,,1 - Bin drawer Tile 1x3|Tiles inverted,False,False
2431,378,3,,1 - Bin drawer Tiles 1x4|1x6,False,False
2431pr0059,378,1,,1 - Bin drawer Tiles printed 1x | Plates printed 1x | Plate 1x5,False,False
3024,19,35,,1 - Bin drawer Plate 1x1,False,False
4477,19,5,,1 - Box Plates 1x & 2x large,False,False
3023,19,51,,1 - Box Plates 1x2|1x3,False,False
3623,19,18,,1 - Box Plates 1x2|1x3,False,False
3710,19,34,,1 - Box Plates 1x4|1x6,False,False
3666,19,6,,1 - Box Plates 1x4|1x6,False,False
3460,19,14,,1 - Box Plates 1x & 2x large,False,False
3832,19,4,,1 - Box Plates 1x & 2x large,False,False
4282,19,2,,1 - Box Plates 1x & 2x large,False,False
3022,19,39,0 - Color Table,1 - Box Plates 2x2|2x3,False,False
3021,19,22,,1 - Box Plates 2x2|2x3,False,False
3020,19,40,,1 - Box Plates 2x4 & 2x6,False,False
3795,19,4,,1 - Box Plates 2x4 & 2x6,False,False
3034,19,7,,1 - Box Plates 1x & 2x large,False,False
3030,19,2,,1 - Box L Plates medium 1,False,False
3031,19,5,,1 - Box L Plates medium 1,False,False
3032,19,4,,1 - Box L Plates medium 1,False,False
3035,19,4,,1 - Box L Plates medium 1,False,False
3033,19,9,,1 - Box L Plates medium 2,False,False
3958,19,5,,1 - Box L Plates medium 2,False,False
41740,19,2,,1 - Box Plates special|Bricks printed,False,False
3070b,19,5,,1 - Bin drawer Tile 1x1 & 1x2,False,False
3070bpr0242,19,2,,1 - Bin drawer Tiles printed 1x | Plates printed 1x | Plate 1x5,False,False
3069b,19,19,,1 - Bin drawer Tile 1x1 & 1x2,False,False
63864,19,1,,1 - Bin drawer Tile 1x3|Tiles inverted,False,False
2431,19,2,,1 - Bin drawer Tiles 1x4|1x6,False,False
6636,19,1,,1 - Bin drawer Tiles 1x4|1x6,False,False
4162,19,5,,1 - Bin drawer Tile 1x8,False,False
3068bpr0247,19,2,,1 - Bin drawer Tiles printed 2x,False,False
3068b,19,13,,1 - Bin drawer Tile 2x2,False,False
3068bpr0240,19,1,,1 - Bin drawer Tiles printed 2x,False,False
3068bpr0376,19,1,,1 - Bin drawer Tiles printed 2x,False,False
3068bpr0486,19,1,,1 - Bin drawer Tiles printed 2x,False,False
3068bpr0590,19,1,,1 - Bin drawer Tiles printed 2x,False,False
3068bpr0239,19,1,,1 - Bin drawer Tiles printed 2x,False,False
26603,19,1,,1 - Bin drawer Tiles 2x3|2x4|2x6|4x4|6x6,False,False
87079,19,8,,1 - Bin drawer Tiles 2x3|2x4|2x6|4x4|6x6,False,False
11203,19,5,,1 - Bin drawer Tile 1x3|Tiles inverted,False,False
3069b,35,2,,1 - Bin drawer Tile 1x1 & 1x2,False,False
3024,40,14,,1 - Bin drawer Plate 1x1,False,False
3023,40,13,0 - Color Table,1 - Box Plates 1x2|1x3,False,False
3070b,40,2,,1 - Bin drawer Tile 1x1 & 1x2,False,False
3069b,40,34,,1 - Bin drawer Tile 1x1 & 1x2,False,False
3024,47,13,,1 - Bin drawer Plate 1x1,False,False
3023,47,21,0 - Color Table,1 - Box Plates 1x2|1x3,False,False
3070b,47,7,,1 - Bin drawer Tile 1x1 & 1x2,False,False
3069b,47,7,,1 - Bin drawer Tile 1x1 & 1x2,False,False
3024,33,21,,1 - Bin drawer Plate 1x1,False,False
3023,33,6,0 - Color Table,1 - Box Plates 1x2|1x3,False,False
3069b,33,23,,1 - Bin drawer Tile 1x1 & 1x2,False,False
2431,33,1,,1 - Bin drawer Tiles 1x4|1x6,False,False
3023,45,8,0 - Color Table,1 - Box Plates 1x2|1x3,False,False
3024,34,8,,1 - Bin drawer Plate 1x1,False,False
3070b,34,9,,1 - Bin drawer Tile 1x1 & 1x2,False,False
3024,41,11,,1 - Bin drawer Plate 1x1,False,False
3023,41,20,0 - Color Table,1 - Box Plates 1x2|1x3,False,False
3070b,41,15,,1 - Bin drawer Tile 1x1 & 1x2,False,False
3069b,41,145,,1 - Bin drawer Tile 1x1 & 1x2,False,False
2431,41,5,,1 - Bin drawer Tiles 1x4|1x6,False,False
3023,42,22,0 - Color Table,1 - Box Plates 1x2|1x3,False,False
2431,42,1,,1 - Bin drawer Tiles 1x4|1x6,False,False
3024,182,23,,1 - Bin drawer Plate 1x1,False,False
3023,182,31,0 - Color Table,1 - Box Plates 1x2|1x3,False,False
3070b,182,3,,1 - Bin drawer Tile 1x1 & 1x2,False,False
3069b,182,17,,1 - Bin drawer Tile 1x1 & 1x2,False,False
3024,36,62,,1 - Bin drawer Plate 1x1,False,False
3023,36,30,0 - Color Table,1 - Box Plates 1x2|1x3,False,False
3070bpr0276,36,3,,1 - Bin drawer Tiles printed 1x | Plates printed 1x | Plate 1x5,False,False
3070b,36,37,,1 - Bin drawer Tile 1x1 & 1x2,False,False
3069bpr0362,36,2,,1 - Bin drawer Tiles printed 1x | Plates printed 1x | Plate 1x5,False,False
3069b,36,11,,1 - Bin drawer Tile 1x1 & 1x2,False,False
3024,46,34,,1 - Bin drawer Plate 1x1,False,False
3023,46,18,0 - Color Table,1 - Box Plates 1x2|1x3,False,False
3070b,46,4,,1 - Bin drawer Tile 1x1 & 1x2,False,False
3069b,46,4,,1 - Bin drawer Tile 1x1 & 1x2,False,False
4477,1062,3,,1 - Box Plates 1x & 2x large,False,False
3023,1062,2,,0 - Color Table,False,False
91405,15,1,,1 - Bag Plates large,False,False
3024,15,91,,1 - Bin drawer Plate 1x1,False,False
4477,15,8,,1 - Box Plates 1x & 2x large,False,False
60479,15,2,,1 - Box Plates 1x & 2x large,False,False
3023,15,135,,1 - Box Plates 1x2|1x3,False,False
3623,15,35,,1 - Box Plates 1x2|1x3,False,False
3710,15,71,,1 - Box Plates 1x4|1x6,False,False
3666,15,33,,1 - Box Plates 1x4|1x6,False,False
3460,15,24,,1 - Box Plates 1x & 2x large,False,False
3832,15,4,0 - Color Table,1 - Box Plates 1x & 2x large,False,False
2445,15,4,0 - Color Table,1 - Box Plates 1x & 2x large,False,False
4282,15,1,,0 - Color Table,False,False
3022,15,85,0 - Color Table,1 - Box Plates 2x2|2x3,False,False
3021,15,39,,1 - Box Plates 2x2|2x3,False,False
3020,15,75,,1 - Box Plates 2x4 & 2x6,False,False
3795,15,25,,1 - Box Plates 2x4 & 2x6,False,False
3034,15,15,,1 - Box Plates 1x & 2x large,False,False
11212,15,4,,1 - Box L Plates medium 1,False,False
3029,15,2,,1 - Box L Plates medium 1,False,False
3031,15,12,,1 - Box L Plates medium 1,False,False
3032,15,8,,1 - Box L Plates medium 1,False,False
3035,15,3,,1 - Box L Plates medium 1,False,False
3033,15,3,,1 - Box L Plates medium 2,False,False
3028,15,1,,1 - Bag Plates large,False,False
3958,15,6,,1 - Box L Plates medium 2,False,False
3036,15,7,,1 - Box L Plates medium 2,False,False
92593,15,11,,1 - Box Plates special|Bricks printed,False,False
41740,15,16,,1 - Box Plates special|Bricks printed,False,False
33909,15,5,,1 - Box Plates special|Bricks printed,False,False
6179,15,1,,1 - Box Plates special|Bricks printed,False,False
3070bpr0032,15,4,,1 - Bin drawer Tiles printed 1x | Plates printed 1x | Plate 1x5,False,False
3070b,15,58,,1 - Bin drawer Tile 1x1 & 1x2,False,False
3070bpr0192,15,1,,1 - Bin drawer Tiles printed 1x | Plates printed 1x | Plate 1x5,False,False
3070bpr0031,15,2,,1 - Bin drawer Tiles printed 1x | Plates printed 1x | Plate 1x5,False,False
3070bpr0165,15,2,,1 - Bin drawer Tiles printed 1x | Plates printed 1x | Plate 1x5,False,False
3069bpr0030,15,3,,1 - Bin drawer Tiles printed 1x | Plates printed 1x | Plate 1x5,False,False
3069bpr0300,15,1,,1 - Bin drawer Tiles printed 1x | Plates printed 1x | Plate 1x5,False,False
3069b,15,67,,1 - Bin drawer Tile 1x1 & 1x2,False,False
3069bpr0278,15,1,,1 - Bin drawer Tiles printed 1x | Plates printed 1x | Plate 1x5,False,False
3069bpr9989,15,2,,1 - Bin drawer Tiles printed 1x | Plates printed 1x | Plate 1x5,False,False
3069bpr0055,15,2,,1 - Bin drawer Tiles printed 1x | Plates printed 1x | Plate 1x5,False,False
3069bpr0303,15,1,,1 - Bin drawer Tiles printed 1x | Plates printed 1x | Plate 1x5,False,False
3069bpr0099,15,4,,1 - Bin drawer Tiles printed 1x | Plates printed 1x | Plate 1x5,False,False
3069bpr0304,15,1,,1 - Bin drawer Tiles printed 1x | Plates printed 1x | Plate 1x5,False,False
3069bpr0058,15,5,,1 - Bin drawer Tiles printed 1x | Plates printed 1x | Plate 1x5,False,False
3069bpr0039,15,1,,1 - Bin drawer Tiles printed 1x | Plates printed 1x | Plate 1x5,False,False
63864,15,19,,1 - Bin drawer Tile 1x3|Tiles inverted,False,False
2431,15,47,,1 - Bin drawer Tiles 1x4|1x6,False,False
6636,15,15,,1 - Bin drawer Tiles 1x4|1x6,False,False
4162,15,20,,1 - Bin drawer Tile 1x8,False,False
3068bpr9487,15,1,,1 - Bin drawer Tiles printed 2x,False,False
3068bpr0137,15,1,,1 - Bin drawer Tiles printed 2x,False,False
3068bpr0299,15,1,,1 - Bin drawer Tiles printed 2x,False,False
3068b,15,22,,1 - Bin drawer Tile 2x2,False,False
3068bpr9948,15,1,,1 - Bin drawer Tiles printed 2x,False,False
3068bpr0138,15,2,,1 - Bin drawer Tiles printed 2x,False,False
3068bpr0255,15,2,,1 - Bin drawer Tiles printed 2x,False,False
3068bpr0033,15,1,,1 - Bin drawer Tiles printed 2x,False,False
3068bpr0066,15,1,,1 - Bin drawer Tiles printed 2x,False,False
3068bpr9723,15,1,,1 - Bin drawer Tiles printed 2x,False,False
26603,15,6,,1 - Bin drawer Tiles 2x3|2x4|2x6|4x4|6x6,False,False
87079,15,16,,1 - Bin drawer Tiles 2x3|2x4|2x6|4x4|6x6,False,False
87079pr0210,15,1,,1 - Bin drawer Tiles printed 2x,False,False
69729,15,1,,1 - Bin drawer Tiles 2x3|2x4|2x6|4x4|6x6,False,False
3024,14,16,,1 - Bin drawer Plate 1x1,False,False
4477,14,3,,1 - Box Plates 1x & 2x large,False,False
60479,14,3,,1 - Box Plates 1x & 2x large,False,False
3023,14,60,,1 - Box Plates 1x2|1x3,False,False
3623,14,11,,1 - Box Plates 1x2|1x3,False,False
3710,14,26,,1 - Box Plates 1x4|1x6,False,False
3666,14,15,,1 - Box Plates 1x4|1x6,False,False
3460,14,2,,1 - Box Plates 1x & 2x large,False,False
3832,14,3,,1 - Box Plates 1x & 2x large,False,False
3022,14,28,0 - Color Table,1 - Box Plates 2x2|2x3,False,False
3021,14,22,,1 - Box Plates 2x2|2x3,False,False
3020,14,30,,1 - Box Plates 2x4 & 2x6,False,False
3795,14,21,,1 - Box Plates 2x4 & 2x6,False,False
3034,14,9,,1 - Box Plates 1x & 2x large,False,False
3030,14,1,,1 - Box L Plates medium 1,False,False
3031,14,3,,1 - Box L Plates medium 1,False,False
3032,14,2,,1 - Box L Plates medium 1,False,False
3035,14,1,,1 - Box L Plates medium 1,False,False
33909,14,1,,1 - Box Plates special|Bricks printed,False,False
3070b,14,18,,1 - Bin drawer Tile 1x1 & 1x2,False,False
3070bpr0244,14,1,,1 - Bin drawer Tiles printed 1x | Plates printed 1x | Plate 1x5,False,False
3070bpr0243,14,2,,1 - Bin drawer Tiles printed 1x | Plates printed 1x | Plate 1x5,False,False
3070bpr0249,14,1,,1 - Bin drawer Tiles printed 1x | Plates printed 1x | Plate 1x5,False,False
3070bpr0240,14,1,,1 - Bin drawer Tiles printed 1x | Plates printed 1x | Plate 1x5,False,False
3070bpr0163,14,4,,1 - Bin drawer Tiles printed 1x | Plates printed 1x | Plate 1x5,False,False
3069bpr0073,14,1,,1 - Bin drawer Tiles printed 1x | Plates printed 1x | Plate 1x5,False,False
3069b,14,24,,1 - Bin drawer Tile 1x1 & 1x2,False,False
63864,14,8,,1 - Bin drawer Tile 1x3|Tiles inverted,False,False
2431,14,6,,1 - Bin drawer Tiles 1x4|1x6,False,False
6636,14,12,,1 - Bin drawer Tiles 1x4|1x6,False,False
4162,14,4,,1 - Bin drawer Tile 1x8,False,False
3068bpr9990,14,1,,1 - Bin drawer Tiles printed 2x,False,False
3068b,14,17,,1 - Bin drawer Tile 2x2,False,False
26603,14,2,,1 - Bin drawer Tiles 2x3|2x4|2x6|4x4|6x6,False,False
87079,14,4,,1 - Bin drawer Tiles 2x3|2x4|2x6|4x4|6x6,False,False
3023,158,2,,1 - Box Plates 1x2|1x3,False,False
3623,158,4,,1 - Box Plates 1x2|1x3,False,False
